,index,link,title,recall_info,date,issue,audience,company,distribution,recall_class
0,421,https://recalls-rappels.canada.ca/en/alert-recall/happy-veggie-world-brand-vege-chicken-breast-and-vegefarm-brand-vege-stewed-lamb-0,Happy Veggie World brand Vege Chicken Breast and Vegefarm brand Vege Stewed Lamb Chunk recalled due to undeclared egg,"Happy Veggie World brand Vege Chicken Breast and Vegefarm brand Vege Stewed Lamb Chunk recalled due to undeclared egg      
       
  
                        
             Starting date:
October 15, 2021
Type of communication:…",2021-10-15,Allergen - Egg,Consumer,Global Vegetarian Foods Corp.,"Alberta, British Columbia, Possibly National",Class 2
4,422,https://recalls-rappels.canada.ca/en/alert-recall/allspices-food-brand-sauce-ging-hab-recalled-due-container-integrity-defects,allSpices Food brand Sauce Ging-Hab recalled due to container integrity defects,"allSpices Food brand Sauce Ging-Hab recalled due to container integrity defects      
       
  
                        
             Starting date:
October 15, 2021
Type of communication:
Recall
Alert sub-type:
Notification…",2021-10-15,Microbiological - Other,Retail,allSpices Food,"Ontario, Quebec",Class 3
5,423,https://recalls-rappels.canada.ca/en/alert-recall/canada-uncle-bill-seafood-brand-dried-octopus-recalled-due-undeclared-sulphites,Canada Uncle Bill Seafood brand Dried Octopus recalled due to undeclared sulphites,"Canada Uncle Bill Seafood brand Dried Octopus recalled due to undeclared sulphites      
       
  
                        
             Starting date:
October 14, 2021
Type of communication:
Recall
Alert sub-type:
Food Recall…",2021-10-14,Allergen - Sulphites,Retail,Canada Uncle Bill Group Inc.,Ontario,Class 2
6,424,https://recalls-rappels.canada.ca/en/alert-recall/jongilpoom-brand-enoki-mushroom-recalled-due-listeria-monocytogenes-1,Jongilpoom brand Enoki Mushroom recalled due to Listeria monocytogenes,"Jongilpoom brand Enoki Mushroom recalled due to Listeria monocytogenes      
       
  
                        
             Starting date:
October 14, 2021
Type of communication:
Recall
Alert sub-type:
Updated Food Recall…",2021-10-14,Microbiological - Listeria,Consumer,Covic International Trading Inc.,"Alberta, British Columbia, Manitoba, Ontario, Possibly National, Saskatchewan",Class 1
15,426,https://recalls-rappels.canada.ca/en/alert-recall/deon-oyster-company-limited-brand-atlantic-oysters-recalled-due-generic-e-coli,Deon Oyster Company Limited brand Atlantic Oysters recalled due to generic E. coli,"Deon Oyster Company Limited brand Atlantic Oysters recalled due to generic E. coli      
       
  
                        
             Starting date:
October 8, 2021
Type of communication:
Recall
Alert sub-type:
Notification…",2021-10-08,Microbiological - Other,"Retail, Hotel/Restaurant/Institutional",Truth North Salmon Limited Partnership,"New Brunswick, Nova Scotia",Class 2
16,427,https://recalls-rappels.canada.ca/en/alert-recall/olivera-brand-sliced-olives-may-be-unsafe-due-potential-presence-dangerous-bacteria,Olivera brand sliced olives may be unsafe due to potential presence of dangerous bacteria,"Olivera brand sliced olives may be unsafe due to potential presence of dangerous bacteria      
       
  
                        
             Starting date:
October 5, 2021
Type of communication:
Recall
Alert sub-type:
Food…",2021-10-05,Microbiological - Clostridium botulinum,Consumer,Distribution Alimentaire Tony,Quebec,Class 1
17,429,https://recalls-rappels.canada.ca/en/alert-recall/gosselin-smokehouses-brand-maple-smoked-salmon-recalled-due-listeria-monocytogenes,Gosselin Smokehouses brand Maple Smoked Salmon recalled due to Listeria monocytogenes,"Gosselin Smokehouses brand Maple Smoked Salmon recalled due to Listeria monocytogenes      
       
  
                        
             Starting date:
September 29, 2021
Type of communication:
Recall
Alert sub-type:
Food…",2021-09-29,Microbiological - Listeria,Consumer,Gosselin Smokehouses,Quebec,Class 1
18,430,https://recalls-rappels.canada.ca/en/alert-recall/gosselin-smokehouses-brand-honey-smoked-salmon-recalled-due-listeria-monocytogenes,Gosselin Smokehouses brand Honey Smoked Salmon recalled due to Listeria monocytogenes,"Gosselin Smokehouses brand Honey Smoked Salmon recalled due to Listeria monocytogenes      
       
  
                        
             Starting date:
September 29, 2021
Type of communication:
Recall
Alert sub-type:…",2021-09-29,Microbiological - Listeria,Warehouse,Gosselin Smokehouses,Quebec,Class 1
19,431,https://recalls-rappels.canada.ca/en/alert-recall/certain-happy-veggie-world-hearts-choices-and-vegefarm-brand-vegan-and-vegetarian,"Certain Happy Veggie World, Hearts Choices, and Vegefarm brand vegan and vegetarian products recalled due to undeclared egg","Certain Happy Veggie World, Hearts Choices, and Vegefarm brand vegan and vegetarian products recalled due to undeclared egg      
       
  
                        
             Starting date:
September 28, 2021
Type of…",2021-09-28,Allergen - Egg,Retail,Global Vegetarian Foods Corp.,"Alberta, British Columbia, Ontario, Possibly National",Class 2
20,432,https://recalls-rappels.canada.ca/en/alert-recall/unisoya-brand-organic-tofu-fine-herbs-recalled-due-listeria-monocytogenes,Unisoya brand Organic Tofu - Fine Herbs recalled due to Listeria monocytogenes,"Unisoya (1986) Inc. is recalling Unisoya brand Organic Tofu - Fine Herbs from the marketplace due to possible Listeria monocytogenes contamination. Consumers should not consume the recalled product described below.

The following product has been sold…",2021-09-24,Food - Microbial Contamination - Listeria,Retail,,,Class 1
21,433,https://recalls-rappels.canada.ca/en/alert-recall/european-butcher-brand-smoked-pork-hock-recalled-due-listeria-monocytogenes,European Butcher brand Smoked Pork Hock recalled due to Listeria monocytogenes,"European Butcher brand Smoked Pork Hock recalled due to Listeria monocytogenes      
       
  
                        
             Starting date:
September 24, 2021
Type of communication:
Recall
Alert sub-type:
Updated Food…",2021-09-24,Microbiological - Listeria,Consumer,European Butcher,Ontario,Class 1
22,434,https://recalls-rappels.canada.ca/en/alert-recall/shredded-pork-rind-and-shredded-pork-skin-sold-certain-restaurants-greater-toronto,Shredded pork rind and shredded pork skin sold to certain restaurants in the Greater Toronto Area may be unsafe due to Salmonella,"Shredded pork rind and shredded pork skin sold to certain restaurants in the Greater Toronto Area may be unsafe due to Salmonella      
       
  
                        
             Starting date:
September 19, 2021
Type of…",2021-09-19,Microbiological - Salmonella,Consumer,The Canadian Food Inspection Agency (CFIA) and the Ministry of Health (Ontario),Ontario,--
23,435,https://recalls-rappels.canada.ca/en/alert-recall/silver-maple-brand-frozen-all-white-meat-fully-cooked-diced-chicken-recalled-due,Silver Maple brand Frozen All White Meat Fully Cooked Diced Chicken recalled due to Listeria monocytogenes,"Silver Maple brand Frozen All White Meat Fully Cooked Diced Chicken recalled due to Listeria monocytogenes      
       
  
                        
             Starting date:
September 17, 2021
Type of communication:
Recall…",2021-09-17,Microbiological - Listeria,Hotel/Restaurant/Institutional,Erie Meat Products Ltd.,"Alberta, British Columbia, Manitoba, Ontario, Quebec, Saskatchewan",Class 2
24,436,https://recalls-rappels.canada.ca/en/alert-recall/president-s-choice-brand-sandwich-spreads-and-dips-recalled-due-potential-bursting,President's Choice brand Sandwich Spreads and Dips recalled due to potential bursting bottles,The recalled product has been sold nationally.,2021-09-16,Food - Microbial Contamination,Class 3,,,
25,438,https://recalls-rappels.canada.ca/en/alert-recall/certain-vegetarian-fried-prawn-products-recalled-due-undeclared-egg,Certain vegetarian fried prawn products recalled due to undeclared egg,"Certain vegetarian fried prawn products recalled due to undeclared egg      
       
  
                        
             Starting date:
September 16, 2021
Type of communication:
Recall
Alert sub-type:
Food Recall Warning (…",2021-09-16,Allergen - Egg,Retail,Global Vegetarian Foods Corp.,"Alberta, British Columbia, Ontario",Class 2
26,439,https://recalls-rappels.canada.ca/en/alert-recall/dairyland-brand-1-partly-skimmed-milk-recalled-due-sanitizer-residue,Dairyland brand 1% Partly Skimmed Milk recalled due to sanitizer residue,"Dairyland brand 1% Partly Skimmed Milk recalled due to sanitizer residue      
       
  
                        
             Starting date:
September 15, 2021
Type of communication:
Recall
Alert sub-type:
Notification…",2021-09-15,Chemical,Retail,Saputo Dairy Products Canada G.P.,"Alberta, Manitoba, Saskatchewan",Class 3
27,440,https://recalls-rappels.canada.ca/en/alert-recall/frozen-all-white-meat-fully-cooked-diced-chicken-recalled-due-listeria-monocytogenes,Frozen All White Meat Fully Cooked Diced Chicken recalled due to Listeria monocytogenes,"Frozen All White Meat Fully Cooked Diced Chicken recalled due to Listeria monocytogenes      
       
  
                        
             Starting date:
September 10, 2021
Type of communication:
Recall
Alert sub-type:
Food…",2021-09-10,Microbiological - Listeria,Retail,Erie Meat Products Ltd.,"Alberta, British Columbia, Newfoundland and Labrador, Ontario, Possibly National, Prince Edward Island, Quebec, Saskatchewan",Class 2
28,441,https://recalls-rappels.canada.ca/en/alert-recall/european-butcher-brand-bacon-chuncks-and-smoked-side-bacon-slices-recalled-due,"European Butcher brand Bacon ""Chuncks"" and Smoked Side Bacon Slices recalled due to Listeria monocytogenes","European Butcher brand Bacon ""Chuncks"" and Smoked Side Bacon Slices recalled due to Listeria monocytogenes      
       
  
                        
             Starting date:
September 8, 2021
Type of communication:…",2021-09-08,Microbiological - Listeria,Consumer,European Butcher,Ontario,Class 1
29,442,https://recalls-rappels.canada.ca/en/alert-recall/westview-bakery-brand-crosta-bread-multigrain-recalled-due-undeclared-sesame,Westview Bakery brand Crosta Bread (Multigrain) recalled due to undeclared sesame,"Westview Bakery brand Crosta Bread (Multigrain) recalled due to undeclared sesame      
       
  
                        
             Starting date:
September 8, 2021
Type of communication:
Recall
Alert sub-type:
Food Recall…",2021-09-08,Allergen - Sesame Seeds,Retail,Westview Bakery,British Columbia,Class 3
30,443,https://recalls-rappels.canada.ca/en/alert-recall/eat-smart-brand-chopped-salad-kits-recalled-due-listeria-monocytogenes,Eat Smart brand Chopped Salad Kits recalled due to Listeria monocytogenes,"Eat Smart brand Chopped Salad Kits recalled due to Listeria monocytogenes      
       
  
                        
             Starting date:
September 7, 2021
Type of communication:
Recall
Alert sub-type:
Updated Food Recall…",2021-09-07,Microbiological - Listeria,Retail,Curation Foods,"New Brunswick, Newfoundland and Labrador, Nova Scotia, Ontario, Possibly National, Quebec, Prince Edward Island",Class 1
31,444,https://recalls-rappels.canada.ca/en/alert-recall/european-butcher-brand-bacon-chuncks-recalled-due-listeria-monocytogenes,"European Butcher brand Bacon ""Chuncks"" recalled due to Listeria monocytogenes","European Butcher brand Bacon ""Chuncks"" recalled due to Listeria monocytogenes      
       
  
                        
             Starting date:
September 6, 2021
Type of communication:
Recall
Alert sub-type:
Food…",2021-09-06,Microbiological - Listeria,Retail,European Butcher,Ontario,Class 1
32,445,https://recalls-rappels.canada.ca/en/alert-recall/veggie-foodle-brand-whole-vegetable-noodles-recalled-due-listeria-monocytogenes,Veggie Foodle brand Whole Vegetable Noodles recalled due to Listeria monocytogenes,"Veggie Foodle brand Whole Vegetable Noodles recalled due to Listeria monocytogenes      
       
  
                        
             Starting date:
August 30, 2021
Type of communication:
Recall
Alert sub-type:
Updated Food…",2021-08-30,Microbiological - Listeria,Consumer,Freshline Foods Ltd.,"Nova Scotia, Ontario, Possibly National, Quebec",Class 1
33,446,https://recalls-rappels.canada.ca/en/alert-recall/soo-brand-enoki-mushrooms-recalled-due-listeria-monocytogenes,Soo brand Enoki Mushrooms recalled due to Listeria monocytogenes,"Soo brand Enoki Mushrooms recalled due to Listeria monocytogenes      
       
  
                        
             Starting date:
August 30, 2021
Type of communication:
Recall
Alert sub-type:
Food Recall Warning
Subcategory:…",2021-08-30,Microbiological - Listeria,Consumer,T-Brothers Food And Trading Ltd.,"Alberta, British Columbia, Ontario, Quebec, Possibly National",Class 2
34,447,https://recalls-rappels.canada.ca/en/alert-recall/curation-foods-brand-kale-veg-blends-and-eat-smart-brand-chopped-salad-kits-recalled,Curation Foods brand Kale Veg Blends and Eat Smart brand Chopped Salad Kits recalled due to Listeria monocytogenes,"Curation Foods brand Kale Veg Blends and Eat Smart brand Chopped Salad Kits recalled due to Listeria monocytogenes      
       
  
                        
             Starting date:
August 26, 2021
Type of communication:
Recall…",2021-08-26,Microbiological - Listeria,Retail,Curation Foods,"Ontario, Possibly National, Newfoundland and Labrador",Class 1
35,448,https://recalls-rappels.canada.ca/en/alert-recall/eat-smart-brand-asian-sesame-sesame-asiatique-chopped-salad-kit-recalled-due-listeria,Eat Smart brand Asian Sesame (Sésame asiatique) Chopped Salad Kit recalled due to Listeria monocytogenes,"Eat Smart brand Asian Sesame (Sésame asiatique) Chopped Salad Kit recalled due to Listeria monocytogenes      
       
  
                        
             Starting date:
August 24, 2021
Type of communication:
Recall
Alert sub…",2021-08-24,Microbiological - Listeria,Retail,Curation Foods,"Ontario, Possibly National",Class 1
36,449,https://recalls-rappels.canada.ca/en/alert-recall/mr-porky-brand-original-scratchings-recalled-due-salmonella,Mr. Porky brand Original Scratchings recalled due to Salmonella,"Mr. Porky brand Original Scratchings recalled due to Salmonella      
       
  
                        
             Starting date:
August 23, 2021
Type of communication:
Recall
Alert sub-type:
Food Recall Warning
Subcategory:…",2021-08-23,Microbiological - Salmonella,Consumer,Morgan Williams International Inc.,National,Class 2
37,450,https://recalls-rappels.canada.ca/en/alert-recall/veggie-foodle-brand-green-zucchini-whole-vegetable-noodles-recalled-due-listeria,Veggie Foodle brand Green Zucchini Whole Vegetable Noodles recalled due to Listeria monocytogenes,"Veggie Foodle brand Green Zucchini Whole Vegetable Noodles recalled due to Listeria monocytogenes      
       
  
                        
             Starting date:
August 20, 2021
Type of communication:
Recall
Alert sub-type:…",2021-08-20,Microbiological - Listeria,Consumer,Freshline Foods Ltd.,"Nova Scotia, Ontario, Possibly National, Quebec",Class 1
38,451,https://recalls-rappels.canada.ca/en/alert-recall/foothills-creamery-brand-ice-cream-recalled-due-pieces-metal,Foothills Creamery brand ice cream recalled due to pieces of metal,"Foothills Creamery brand ice cream recalled due to pieces of metal      
       
  
                        
             Starting date:
August 20, 2021
Type of communication:
Recall
Alert sub-type:
Notification
Subcategory:…",2021-08-20,Extraneous Material,Hotel/Restaurant/Institutional,Foothills Creamery Ltd.,Alberta,Class 3
39,452,https://recalls-rappels.canada.ca/en/alert-recall/happy-veggie-world-brand-vege-fried-prawn-recalled-due-undeclared-egg,Happy Veggie World brand Vege Fried Prawn recalled due to undeclared egg,"Happy Veggie World brand Vege Fried Prawn recalled due to undeclared egg      
       
  
                        
             Starting date:
August 20, 2021
Type of communication:
Recall
Alert sub-type:
Food Recall Warning (…",2021-08-20,Allergen - Egg,Retail,Global Vegetarian Foods Corp.,British Columbia,Class 2
40,453,https://recalls-rappels.canada.ca/en/alert-recall/abo-anwar-brand-namoura-recalled-due-undeclared-sesame-cashews-and-wheat,"Abo Anwar brand Namoura recalled due to undeclared sesame, cashews and wheat","Abo Anwar brand Namoura recalled due to undeclared sesame, cashews and wheat      
       
  
                        
             Starting date:
August 18, 2021
Type of communication:
Recall
Alert sub-type:
Food Recall Warning (…",2021-08-18,"Allergen - Sesame Seeds, Allergen - Tree Nut, Allergen - Wheat",Consumer,Abo Anwar Bakery Inc.,Ontario,Class 1
41,454,https://recalls-rappels.canada.ca/en/alert-recall/nomad-nutrition-brand-kathmandu-curry-recalled-due-undeclared-mustard-and-split-pea,Nomad Nutrition brand Kathmandu Curry recalled due to undeclared mustard and split pea,"Nomad Nutrition brand Kathmandu Curry recalled due to undeclared mustard and split pea      
       
  
                        
             Starting date:
August 18, 2021
Type of communication:
Recall
Alert sub-type:
Updated…",2021-08-18,"Allergen - Mustard, Allergen - Other",Consumer,Nomad Nutrition,National,Class 1
42,455,https://recalls-rappels.canada.ca/en/alert-recall/ying-ying-soy-food-brand-sweet-spicy-tofu-recalled-due-salmonella,Ying Ying Soy Food brand Sweet & Spicy Tofu recalled due to Salmonella,"Ying Ying Soy Food brand Sweet & Spicy Tofu recalled due to Salmonella      
       
  
                        
             Starting date:
August 18, 2021
Type of communication:
Recall
Alert sub-type:
Notification…",2021-08-18,Microbiological - Salmonella,Hotel/Restaurant/Institutional,Ying Ying Soy Food Ltd.,"Nova Scotia, Ontario, Quebec, Newfoundland and Labrador",Class 1
43,456,https://recalls-rappels.canada.ca/en/alert-recall/certain-broccoli-containing-deli-products-recalled-due-listeria-monocytogenes,Certain broccoli-containing deli products recalled due to Listeria monocytogenes,"Certain broccoli-containing deli products recalled due to Listeria monocytogenes      
       
  
                        
             Starting date:
August 13, 2021
Type of communication:
Recall
Alert sub-type:
Food Recall…",2021-08-13,Microbiological - Listeria,Retail,"Hartland Valufoods, Sobeys Inc.",Various - see table below,Class 1
44,457,https://recalls-rappels.canada.ca/en/alert-recall/viandes-intercite-brand-ground-meat-products-recalled-due-pieces-metal,Viandes Intercité brand ground meat products recalled due to pieces of metal,"Viandes Intercité brand ground meat products recalled due to pieces of metal      
       
  
                        
             Starting date:
August 13, 2021
Type of communication:
Recall
Alert sub-type:
Notification…",2021-08-13,Extraneous Material,Warehouse,Montcalm Meats Inc.,"Nova Scotia, Quebec",Class 2
45,458,https://recalls-rappels.canada.ca/en/alert-recall/randsland-brand-broccoli-floret-and-broccoli-salad-kit-recalled-due-listeria,Randsland brand Broccoli Floret and Broccoli Salad Kit recalled due to Listeria monocytogenes,"Randsland brand Broccoli Floret and Broccoli Salad Kit recalled due to Listeria monocytogenes      
       
  
                        
             Starting date:
August 13, 2021
Type of communication:
Recall
Alert sub-type:…",2021-08-13,Microbiological - Listeria,Retail,Randsland Storage & Packing Ltd.,"Nova Scotia, Newfoundland and Labrador",Class 1
46,459,https://recalls-rappels.canada.ca/en/alert-recall/nomad-nutrition-brand-caribbean-curry-recalled-due-undeclared-mustard-and-split-pea,Nomad Nutrition brand Caribbean Curry recalled due to undeclared mustard and split pea and Nomad Nutrition brand Kathmandu Curry recalled due to undeclared mustard,"Nomad Nutrition brand Caribbean Curry recalled due to undeclared mustard and split pea and Nomad Nutrition brand Kathmandu Curry recalled due to undeclared mustard      
       
  
                        
             Starting…",2021-08-10,"Allergen - Mustard, Allergen - Other",Consumer,Nomad Nutrition,National,Class 1
47,460,https://recalls-rappels.canada.ca/en/alert-recall/frontera-brand-ground-beef-taco-skillet-sauce-recalled-due-undeclared-mustard,Frontera brand Ground Beef Taco Skillet Sauce recalled due to undeclared mustard,"Frontera brand Ground Beef Taco Skillet Sauce recalled due to undeclared mustard      
       
  
                        
             Starting date:
August 6, 2021
Type of communication:
Recall
Alert sub-type:
Food Recall…",2021-08-06,Allergen - Mustard,Retail,Conagra Brands Canada Inc.,National,Class 1
48,461,https://recalls-rappels.canada.ca/en/alert-recall/repackaged-cahill-s-brand-original-irish-porter-cheese-recalled-due-listeria,Repackaged Cahill's brand Original Irish Porter Cheese recalled due to Listeria monocytogenes,"The food recall warning issued on August 3, 2021 has been updated to include additional information on how the affected product may have been sold. This additional information was identified during the Canadian Food Inspection Agency's (CFIA)…",2021-08-04,Food - Microbial Contamination - Listeria,General public,,,Class 1
49,462,https://recalls-rappels.canada.ca/en/alert-recall/luigi-guffanti-brand-cheese-taleggio-dop-latte-crudo-incarto-verde-recalled-due-0,Luigi Guffanti brand Cheese Taleggio Dop a Latte Crudo Incarto Verde recalled due to Staphylococcus aureus,"Luigi Guffanti brand Cheese Taleggio Dop a Latte Crudo Incarto Verde recalled due to Staphylococcus aureus      
       
  
                        
             Starting date:
August 4, 2021
Type of communication:
Recall
Alert…",2021-08-04,Microbiological - Staphylococcus aureus,Retail,Taste for Luxury,Ontario,Class 2
53,463,https://recalls-rappels.canada.ca/en/alert-recall/ps-brand-homemade-apple-pie-cinnamon-spice-bbq-rub-recalled-due-undeclared-milk,PS brand Homemade Apple Pie Cinnamon Spice BBQ Rub recalled due to undeclared milk,"PS brand Homemade Apple Pie Cinnamon Spice BBQ Rub recalled due to undeclared milk      
       
  
                        
             Starting date:
August 4, 2021
Type of communication:
Recall
Alert sub-type:
Food Recall…",2021-08-04,Allergen - Milk,Retail,Princess Auto Ltd,National,Class 3
54,464,https://recalls-rappels.canada.ca/en/alert-recall/cahill-s-brand-original-irish-porter-cheese-recalled-due-listeria-monocytogenes-0,Cahill's brand Original Irish Porter Cheese recalled due to Listeria monocytogenes,"Cahill's brand Original Irish Porter Cheese recalled due to Listeria monocytogenes      
       
  
                        
             Starting date:
August 3, 2021
Type of communication:
Recall
Alert sub-type:
Updated…",2021-08-03,Microbiological - Listeria,Retail,Tree of Life Canada ULC,National,Class 1
58,465,https://recalls-rappels.canada.ca/en/alert-recall/your-fresh-market-brand-cookies-recalled-due-undeclared-milk-and-almond,Your Fresh Market brand cookies recalled due to undeclared milk and almond,"Your Fresh Market brand cookies recalled due to undeclared milk and almond      
       
  
                        
             Starting date:
August 3, 2021
Type of communication:
Recall
Alert sub-type:
Food Recall Warning (…",2021-08-03,"Allergen - Milk, Allergen - Tree Nut",Retail,Walmart Canada Corp.,National,Class 3
59,466,https://recalls-rappels.canada.ca/en/alert-recall/harvest-fresh-brand-zucchini-spirals-and-teriyaki-vegetable-spiral-stir-fry-kit,Harvest Fresh brand Zucchini Spirals and Teriyaki Vegetable Spiral Stir Fry Kit recalled due to Listeria monocytogenes,"Harvest Fresh brand Zucchini Spirals and Teriyaki Vegetable Spiral Stir Fry Kit recalled due to Listeria monocytogenes      
       
  
                        
             Starting date:
August 1, 2021
Type of communication:…",2021-08-01,Microbiological - Listeria,Consumer,Veg Pak Produce,Ontario,Class 1
60,467,https://recalls-rappels.canada.ca/en/alert-recall/various-frozen-mangoes-recalled-due-hepatitis,Various frozen mangoes recalled due to Hepatitis A,"Various frozen mangoes recalled due to Hepatitis A      
       
  
                        
             Starting date:
July 30, 2021
Type of communication:
Recall
Alert sub-type:
Food Recall Warning
Subcategory:
Microbiological…",2021-07-30,Microbiological - Other,Consumer,Nature's Touch Frozen Food Inc.,"Manitoba, New Brunswick, Newfoundland and Labrador, Nova Scotia, Ontario, Possibly National, Prince Edward Island, Quebec, Saskatchewan",Class 1
61,468,https://recalls-rappels.canada.ca/en/alert-recall/pinwheel-brand-pineapple-gose-beer-and-wellington-brewery-brand-mix-pack-vol-10,Pinwheel brand Pineapple Gose Beer and Wellington Brewery brand Mix Pack - Vol. 10 recalled due to potential bursting cans,"Pinwheel brand Pineapple Gose Beer and Wellington Brewery brand Mix Pack - Vol. 10 recalled due to potential bursting cans      
       
  
                        
             Starting date:
July 30, 2021
Type of communication:…",2021-07-30,Microbiological - Other,Retail,Wellington Brewery,Ontario,Class 3
62,470,https://recalls-rappels.canada.ca/en/alert-recall/frank-s-redhot-brand-buffalo-ranch-seasoning-recalled-due-salmonella,Frank's RedHot brand Buffalo Ranch Seasoning recalled due to Salmonella,"Frank's RedHot brand Buffalo Ranch Seasoning recalled due to Salmonella      
       
  
                        
             Starting date:
July 27, 2021
Type of communication:
Recall
Alert sub-type:
Food Recall Warning…",2021-07-27,Microbiological - Salmonella,Retail,McCormick Canada,National,Class 2
63,471,https://recalls-rappels.canada.ca/en/alert-recall/al-rabih-brand-halva-halawa-and-tahini-recalled-due-salmonella-0,Al-Rabih brand Halva / Halawa and Tahini recalled due to Salmonella,"Al-Rabih brand Halva / Halawa and Tahini recalled due to Salmonella      
       
  
                        
             Starting date:
July 27, 2021
Type of communication:
Recall
Alert sub-type:
Updated Food Recall Warning…",2021-07-27,Microbiological - Salmonella,Consumer,Phoenicia Group Inc.,National,Class 2
67,472,https://recalls-rappels.canada.ca/en/alert-recall/cahills-brand-porter-irish-cheddar-recalled-due-listeria-monocytogenes,Cahills brand Porter Irish Cheddar recalled due to Listeria monocytogenes,"Cahills brand Porter Irish Cheddar recalled due to Listeria monocytogenes      
       
  
                        
             Starting date:
July 27, 2021
Type of communication:
Recall
Alert sub-type:
Updated Food Recall…",2021-07-27,Microbiological - Listeria,Retail,Whole Foods Market,Ontario,Class 1
68,473,https://recalls-rappels.canada.ca/en/alert-recall/harvest-fresh-brand-zucchini-spirals-recalled-due-listeria-monocytogenes,Harvest Fresh brand Zucchini Spirals recalled due to Listeria monocytogenes,"Harvest Fresh brand Zucchini Spirals recalled due to Listeria monocytogenes      
       
  
                        
             Starting date:
July 25, 2021
Type of communication:
Recall
Alert sub-type:
Food Recall Warning…",2021-07-25,Microbiological - Listeria,Consumer,Veg Pak Produce,Ontario,Class 1
69,476,https://recalls-rappels.canada.ca/en/alert-recall/gusta-brand-vegan-grating-block-original-recalled-due-listeria-monocytogenes,Gusta brand Vegan Grating Block Original recalled due to Listeria monocytogenes,"Gusta brand Vegan Grating Block Original recalled due to Listeria monocytogenes      
       
  
                        
             Starting date:
July 23, 2021
Type of communication:
Recall
Alert sub-type:
Notification…",2021-07-23,Microbiological - Listeria,Warehouse,Gusta Foods Inc.,"Ontario, Quebec",Class 1
70,477,https://recalls-rappels.canada.ca/en/alert-recall/pc-brand-roquefort-blue-cheese-recalled-due-generic-e-coli,PC brand Roquefort Blue Cheese recalled due to generic E. coli,"PC brand Roquefort Blue Cheese recalled due to generic E. coli      
       
  
                        
             Starting date:
July 23, 2021
Type of communication:
Recall
Alert sub-type:
Notification
Subcategory:…",2021-07-23,Microbiological - Other,Retail,Loblaws Inc.,National,Class 2
71,478,https://recalls-rappels.canada.ca/en/alert-recall/hansang-brand-pork-vegetable-gyoza-recalled-due-undeclared-milk-and-coconut-0,HanSang brand Pork & Vegetable Gyoza recalled due to undeclared milk and coconut,"HanSang brand Pork & Vegetable Gyoza recalled due to undeclared milk and coconut      
       
  
                        
             Starting date:
July 19, 2021
Type of communication:
Recall
Alert sub-type:
Updated Food…",2021-07-19,"Allergen - Coconut, Allergen - Milk",Retail,Seoul Trading Corp.,"Alberta, British Columbia, Manitoba",Class 1
75,479,https://recalls-rappels.canada.ca/en/alert-recall/farm-boy-brand-gluten-free-fresh-spinach-ricotta-ravioli-recalled-due-undeclared,Farm Boy brand Gluten Free Fresh Spinach & Ricotta Ravioli recalled due to undeclared gluten,"Farm Boy brand Gluten Free Fresh Spinach & Ricotta Ravioli recalled due to undeclared gluten      
       
  
                        
             Starting date:
July 19, 2021
Type of communication:
Recall
Alert sub-type:…",2021-07-19,Allergen - Gluten,Retail,Farm Boy Company Inc.,Ontario,Class 3
76,480,https://recalls-rappels.canada.ca/en/alert-recall/bella-contadina-brand-burrata-nadi-con-latte-di-bufala-cheese-recalled-due-listeria-0,La Bella Contadina brand Burrata Nadi con latte di bufala (cheese) recalled due to Listeria monocytogenes,"La Bella Contadina brand Burrata Nadi con latte di bufala (cheese) recalled due to Listeria monocytogenes      
       
  
                        
             Starting date:
July 17, 2021
Type of communication:
Recall
Alert sub-…",2021-07-17,Microbiological - Listeria,Retail,Fruiterie Milano Inc.,Quebec,Class 1
80,482,https://recalls-rappels.canada.ca/en/alert-recall/galanlang-brand-lanzhou-noodles-cup-recalled-due-undeclared-sesame-and-soy,Galanlang brand Lanzhou Noodles (Cup) recalled due to undeclared sesame and soy,"Galanlang brand Lanzhou Noodles (Cup) recalled due to undeclared sesame and soy      
       
  
                        
             Starting date:
July 16, 2021
Type of communication:
Recall
Alert sub-type:
Food Recall Warning…",2021-07-16,"Allergen - Sesame Seeds, Allergen - Soy",Retail,2032271 Alberta Ltd.,"Alberta, British Columbia",Class 2
81,484,https://recalls-rappels.canada.ca/en/alert-recall/new-world-brand-organic-sesame-tahini-recalled-due-undeclared-almond-and-cashew,New World brand Organic Sesame Tahini recalled due to undeclared almond and cashew,"New World brand Organic Sesame Tahini recalled due to undeclared almond and cashew      
       
  
                        
             Starting date:
July 13, 2021
Type of communication:
Recall
Alert sub-type:
Food Recall…",2021-07-13,Allergen - Tree Nut,Retail,New World Natural Foods Inc.,"Alberta, British Columbia, Ontario, Quebec",Class 3
82,485,https://recalls-rappels.canada.ca/en/alert-recall/unjhaspice-brand-cumin-powder-recalled-due-salmonella,UnjhaSpice brand Cumin Powder recalled due to Salmonella,"UnjhaSpice brand Cumin Powder recalled due to Salmonella      
       
  
                        
             Starting date:
July 11, 2021
Type of communication:
Recall
Alert sub-type:
Food Recall Warning
Subcategory:…",2021-07-11,Microbiological - Salmonella,Consumer,UnjhaSpice Inc.,Ontario,Class 2
83,486,https://recalls-rappels.canada.ca/en/alert-recall/halvana-brand-hummus-recalled-due-undeclared-sesame,Halvana brand Hummus recalled due to undeclared sesame,"Halvana brand Hummus recalled due to undeclared sesame      
       
  
                        
             Starting date:
July 9, 2021
Type of communication:
Recall
Alert sub-type:
Food Recall Warning (Allergen)
Subcategory:…",2021-07-09,Allergen - Sesame Seeds,Retail,Halvana North America Inc.,National,Class 2
84,487,https://recalls-rappels.canada.ca/en/alert-recall/aberdeen-and-black-tie-brand-chaozhou-style-fish-balls-recalled-due-undeclared-soy-0,Aberdeen and Black Tie brand ChaoZhou style fish balls recalled due to undeclared soy,"Aberdeen and Black Tie brand ChaoZhou style fish balls recalled due to undeclared soy      
       
  
                        
             Starting date:
July 6, 2021
Type of communication:
Recall
Alert sub-type:
Updated Food…",2021-07-06,Allergen - Soy,Consumer,TFI Foods Ltd,National,Class 1
88,488,https://recalls-rappels.canada.ca/en/alert-recall/dufflet-brand-plant-based-cakes-and-cupcakes-recalled-due-undeclared-egg,Dufflet brand Plant-based Cakes and Cupcakes recalled due to undeclared egg,"Dufflet brand Plant-based Cakes and Cupcakes recalled due to undeclared egg      
       
  
                        
             Starting date:
July 6, 2021
Type of communication:
Recall
Alert sub-type:
Updated Food Recall…",2021-07-06,Allergen - Egg,Consumer,Dufflet Pastries,National,Class 1
89,489,https://recalls-rappels.canada.ca/en/alert-recall/al-rabih-brand-halva-halawa-pistachios-recalled-due-salmonella,Al-Rabih brand Halva / Halawa – with pistachios recalled due to Salmonella,"Al-Rabih brand Halva / Halawa – with pistachios recalled due to Salmonella      
       
  
                        
             Starting date:
July 5, 2021
Type of communication:
Recall
Alert sub-type:
Updated Food Recall…",2021-07-05,Microbiological - Salmonella,Consumer,Phoenicia Group Inc.,"Alberta, Manitoba, Nova Scotia, Ontario, Possibly National, Prince Edward Island, Quebec",Class 2
90,490,https://recalls-rappels.canada.ca/en/alert-recall/el-rashidi-el-mizan-brand-pure-natural-honey-recalled-due-presence-enrofloxacin,"El Rashidi El Mizan brand Pure Natural Honey recalled due to presence of Enrofloxacin, Ciprofloxacin, Sulfadiazine, Sulfamethoxazole and Sulfamethazine","El Rashidi El Mizan brand Pure Natural Honey recalled due to presence of Enrofloxacin, Ciprofloxacin, Sulfadiazine, Sulfamethoxazole and Sulfamethazine      
       
  
                        
             Starting date:
July 5,…",2021-07-05,Chemical,Retail,Noble Hope Import & Export,"Ontario, Quebec",Class 2
91,492,https://recalls-rappels.canada.ca/en/alert-recall/dufflet-brand-plant-based-chocolate-cake-recalled-due-undeclared-egg,Dufflet brand Plant-Based Chocolate Cake recalled due to undeclared egg,"Dufflet brand Plant-Based Chocolate Cake recalled due to undeclared egg      
       
  
                        
             Starting date:
July 2, 2021
Type of communication:
Recall
Alert sub-type:
Food Recall Warning (Allergen…",2021-07-02,Allergen - Egg,Consumer,Dufflet Pastries,National,Class 1
92,493,https://recalls-rappels.canada.ca/en/alert-recall/gestus-brand-makrel-filet-tomatsauce-recalled-due-commercial-sterility-concerns,Gestus brand Makrel Filet I Tomatsauce recalled due to commercial sterility concerns,"Gestus brand Makrel Filet I Tomatsauce recalled due to commercial sterility concerns      
       
  
                        
             Starting date:
July 2, 2021
Type of communication:
Recall
Alert sub-type:
Notification…",2021-07-02,Microbiological - Other,Retail,Cloverdale Sausage & Meat Ltd.,British Columbia,Class 2
93,494,https://recalls-rappels.canada.ca/en/alert-recall/little-saigon-brand-spring-rolls-recalled-due-undeclared-wheat,Little Saigon brand spring rolls recalled due to undeclared wheat,"Little Saigon brand spring rolls recalled due to undeclared wheat      
       
  
                        
             Starting date:
June 29, 2021
Type of communication:
Recall
Alert sub-type:
Food Recall Warning (Allergen)…",2021-06-29,Allergen - Wheat,Consumer,Little Saigon Kitchen Ltd.,British Columbia,Class 2
94,495,https://recalls-rappels.canada.ca/en/alert-recall/dole-brand-fresh-packed-blueberries-recalled-due-cyclospora-0,Dole brand Fresh Packed Blueberries recalled due to Cyclospora,"Dole brand Fresh Packed Blueberries recalled due to Cyclospora      
       
  
                        
             Starting date:
June 28, 2021
Type of communication:
Recall
Alert sub-type:
Notification
Subcategory:…",2021-06-28,Microbiological - Other,Retail,Freestone Produce Inc.,Alberta,Class 2
98,497,https://recalls-rappels.canada.ca/en/alert-recall/al-rabih-brand-halva-halawa-plain-traditional-recalled-due-salmonella,Al-Rabih brand Halva / Halawa – Plain / Traditional recalled due to Salmonella,"Al-Rabih brand Halva / Halawa – Plain / Traditional recalled due to Salmonella      
       
  
                        
             Starting date:
June 25, 2021
Type of communication:
Recall
Alert sub-type:
Updated Food Recall…",2021-06-25,Microbiological - Salmonella,Consumer,Phoenicia Group Inc.,National,Class 2
99,498,https://recalls-rappels.canada.ca/en/alert-recall/nestle-brand-drumstick-vanilla-chocolate-swirl-non-dairy-frozen-dessert-cones-0,Nestlé brand Drumstick Vanilla Chocolate Swirl Non-Dairy Frozen Dessert Cones recalled due to undeclared milk,"Nestlé brand Drumstick Vanilla Chocolate Swirl Non-Dairy Frozen Dessert Cones recalled due to undeclared milk      
       
  
                        
             Starting date:
June 24, 2021
Type of communication:
Recall
Alert…",2021-06-24,Allergen - Milk,Consumer,Nestle Canada Inc.,National,Class 1
103,499,https://recalls-rappels.canada.ca/en/alert-recall/al-rabih-brand-tahini-recalled-due-salmonella-0,Al-Rabih brand Tahini recalled due to Salmonella,"Al-Rabih brand Tahini recalled due to Salmonella      
       
  
                        
             Starting date:
June 23, 2021
Type of communication:
Recall
Alert sub-type:
Updated Food Recall Warning
Subcategory:…",2021-06-23,Microbiological - Salmonella,Consumer,Phoenicia Group Inc.,"Ontario, Possibly National, Quebec",Class 2
107,500,https://recalls-rappels.canada.ca/en/alert-recall/thai-best-brand-thailand-black-tiger-shrimp-size-16-20-recalled-due-undeclared,Thai Best brand Thailand Black Tiger Shrimp Size 16-20 recalled due to undeclared sulphites,"Thai Best brand Thailand Black Tiger Shrimp Size 16-20 recalled due to undeclared sulphites      
       
  
                        
             Starting date:
June 23, 2021
Type of communication:
Recall
Alert sub-type:
Updated…",2021-06-23,Allergen - Sulphites,Consumer,Searay Foods Inc.,British Columbia,Class 1
108,502,https://recalls-rappels.canada.ca/en/alert-recall/turkey-breakfast-sausage-recalled-due-undeclared-milk,Turkey Breakfast Sausage recalled due to undeclared milk,"Turkey Breakfast Sausage recalled due to undeclared milk      
       
  
                        
             Starting date:
June 18, 2021
Type of communication:
Recall
Alert sub-type:
Food Recall Warning (Allergen)
Subcategory…",2021-06-18,Allergen - Milk,Consumer,Meadow Valley Meats,British Columbia,Class 1
109,504,https://recalls-rappels.canada.ca/en/alert-recall/barstool-brand-and-sweet-island-brand-oysters-recalled-due-generic-e-coli,Barstool brand and Sweet Island brand Oysters recalled due to generic E. coli,"Barstool brand and Sweet Island brand Oysters recalled due to generic E. coli      
       
  
                        
             Starting date:
June 14, 2021
Type of communication:
Recall
Alert sub-type:
Notification…",2021-06-14,Microbiological - Other,Retail,Atlantic Aqua Farms Ltd.,"Alberta, Quebec, Newfoundland and Labrador",Class 2
110,505,https://recalls-rappels.canada.ca/en/alert-recall/new-world-brand-organic-hemp-butter-raw-recalled-due-undeclared-cashew,New World brand Organic Hemp Butter - Raw recalled due to undeclared cashew,"New World brand Organic Hemp Butter - Raw recalled due to undeclared cashew      
       
  
                        
             Starting date:
June 10, 2021
Type of communication:
Recall
Alert sub-type:
Food Recall Warning (…",2021-06-10,Allergen - Tree Nut,Retail,New World Natural Foods Inc.,"Alberta, British Columbia, Ontario, Quebec",Class 2
111,506,https://recalls-rappels.canada.ca/en/alert-recall/searay-brand-thailand-black-tiger-shrimp-size-31-40-recalled-due-undeclared-sulphites,Searay brand Thailand Black Tiger Shrimp Size 31-40 recalled due to undeclared sulphites,"Searay brand Thailand Black Tiger Shrimp Size 31-40 recalled due to undeclared sulphites      
       
  
                        
             Starting date:
June 3, 2021
Type of communication:
Recall
Alert sub-type:
Food Recall…",2021-06-03,Allergen - Sulphites,Consumer,Searay Foods Inc.,"Alberta, British Columbia, Ontario",Class 1
112,507,https://recalls-rappels.canada.ca/en/alert-recall/triple-crown-brand-black-tiger-shrimp-recalled-due-undeclared-sulphites,Triple Crown brand Black Tiger Shrimp recalled due to undeclared sulphites,"Triple Crown brand Black Tiger Shrimp recalled due to undeclared sulphites      
       
  
                        
             Starting date:
June 1, 2021
Type of communication:
Recall
Alert sub-type:
Food Recall Warning (…",2021-06-01,Allergen - Sulphites,"Retail, Hotel/Restaurant/Institutional",Midland Food Products Inc.,Ontario,Class 2
113,508,https://recalls-rappels.canada.ca/en/alert-recall/various-brands-tortillon-recalled-due-pieces-metal,Various brands of Tortillon recalled due to pieces of metal,"Various brands of Tortillon recalled due to pieces of metal      
       
  
                        
             Starting date:
May 26, 2021
Type of communication:
Recall
Alert sub-type:
Notification
Subcategory:
Extraneous…",2021-05-26,Extraneous Material,"Retail, Warehouse",Fromagerie Albert Perron Inc.,Quebec,Class 3
114,509,https://recalls-rappels.canada.ca/en/alert-recall/consumption-our-father-s-farm-brand-apricot-kernel-products-may-cause-cyanide,Consumption of Our Father's Farm brand apricot kernel products may cause cyanide poisoning,"Consumption of Our Father's Farm brand apricot kernel products may cause cyanide poisoning      
       
  
                        
             Starting date:
May 26, 2021
Type of communication:
Advisory
Alert sub-type:…",2021-05-26,"Chemical, Other",14426,National,Consumer,Class 1
115,510,https://recalls-rappels.canada.ca/en/alert-recall/johnsonville-brand-smokies-recalled-due-mould,Johnsonville brand Smokies recalled due to mould,"Johnsonville brand Smokies recalled due to mould      
       
  
                        
             Starting date:
May 20, 2021
Type of communication:
Recall
Alert sub-type:
Notification
Subcategory:
Microbiological - Non…",2021-05-20,Microbiological - Non harmful (Quality/Spoilage),Retail,Johnsonville LLC,"Prince Edward Island, New Brunswick, Nova Scotia, Ontario, Newfoundland and Labrador",Class 3
116,511,https://recalls-rappels.canada.ca/en/alert-recall/certain-enoki-mushrooms-may-be-unsafe-due-listeria-monocytogenes,Certain Enoki Mushrooms may be unsafe due to Listeria monocytogenes,"Certain Enoki Mushrooms may be unsafe due to Listeria monocytogenes      
       
  
                        
             Starting date:
May 15, 2021
Type of communication:
Advisory
Alert sub-type:
Food Safety Warning
Subcategory…",2021-05-15,Microbiological - Listeria,Retail,Ravine Mushroom Farms,"Possibly National, Quebec",Class 1
117,512,https://recalls-rappels.canada.ca/en/alert-recall/baman-brand-sour-radish-vermicelli-recalled-due-mould,Baman brand Sour Radish Vermicelli recalled due to mould,"Baman brand Sour Radish Vermicelli recalled due to mould      
       
  
                        
             Starting date:
May 13, 2021
Type of communication:
Recall
Alert sub-type:
Notification
Subcategory:
Microbiological -…",2021-05-13,Microbiological - Non harmful (Quality/Spoilage),Retail,Uncle T Food Ltd.,Ontario,Class 3
118,513,https://recalls-rappels.canada.ca/en/alert-recall/castel-regio-brand-taleggio-dop-recalled-due-listeria-monocytogenes,Castel Regio brand Taleggio DOP recalled due to Listeria monocytogenes,"Castel Regio brand Taleggio DOP recalled due to Listeria monocytogenes      
       
  
                        
             Starting date:
May 12, 2021
Type of communication:
Recall
Alert sub-type:
Food Recall Warning…",2021-05-12,Microbiological - Listeria,Retail,Les Dependances,"British Columbia, Quebec",Class 1
119,514,https://recalls-rappels.canada.ca/en/alert-recall/farm-boy-bake-shop-brand-tres-leches-cake-recalled-due-undeclared-wheat,Farm Boy The Bake Shop brand Tres Leches Cake recalled due to undeclared wheat,"Farm Boy The Bake Shop brand Tres Leches Cake recalled due to undeclared wheat      
       
  
                        
             Starting date:
May 11, 2021
Type of communication:
Recall
Alert sub-type:
Food Recall Warning (…",2021-05-11,Allergen - Wheat,Consumer,Farm Boy Company Inc.,Ontario,Class 2
120,515,https://recalls-rappels.canada.ca/en/alert-recall/golden-mushroom-brand-enoki-mushroom-recalled-due-listeria-monocytogenes,Golden Mushroom brand Enoki Mushroom recalled due to Listeria monocytogenes,"Golden Mushroom brand Enoki Mushroom recalled due to Listeria monocytogenes      
       
  
                        
             Starting date:
May 7, 2021
Type of communication:
Recall
Alert sub-type:
Food Recall Warning…",2021-05-07,Microbiological - Listeria,Retail,"Goldenway International Trade Co., Ltd.","Alberta, British Columbia, Ontario, Possibly National, Quebec",Class 1
121,516,https://recalls-rappels.canada.ca/en/alert-recall/co-op-gold-pure-brand-organic-protein-peanut-butter-crunchy-and-superfood-peanut,"Co-op Gold Pure brand Organic ""Protein"" Peanut Butter – Crunchy and Superfood Peanut Butter - Crunchy recalled due to undeclared almond and cashew","Co-op Gold Pure brand Organic ""Protein"" Peanut Butter – Crunchy and Superfood Peanut Butter - Crunchy recalled due to undeclared almond and cashew      
       
  
                        
             Starting date:
May…",2021-05-07,Allergen - Tree Nut,Retail,Federated Co-operatives Ltd.,"Alberta, British Columbia, Manitoba, Saskatchewan",Class 2
122,517,https://recalls-rappels.canada.ca/en/alert-recall/cadbury-dairy-milk-brand-mini-bars-milk-chocolate-recalled-due-undeclared-hazelnut,Cadbury Dairy Milk brand Mini Bars Milk Chocolate recalled due to undeclared hazelnut,"Cadbury Dairy Milk brand Mini Bars Milk Chocolate recalled due to undeclared hazelnut      
       
  
                        
             Starting date:
May 7, 2021
Type of communication:
Recall
Alert sub-type:
Food Recall…",2021-05-07,Allergen - Tree Nut,Retail,Mondelez Canada Inc.,National,Class 3
123,518,https://recalls-rappels.canada.ca/en/alert-recall/be-fresh-brand-natural-almond-butter-smooth-recalled-due-undeclared-cashew-and-peanut,Be Fresh brand Natural Almond Butter - Smooth recalled due to undeclared cashew and peanut,"Be Fresh brand Natural Almond Butter - Smooth recalled due to undeclared cashew and peanut      
       
  
                        
             Starting date:
May 7, 2021
Type of communication:
Recall
Alert sub-type:
Food Recall…",2021-05-07,"Allergen - Peanut, Allergen - Tree Nut",Retail,Jiva Manufacturing & Distributing Inc.,"Alberta, British Columbia",Class 2
124,519,https://recalls-rappels.canada.ca/en/alert-recall/new-world-brand-tree-nut-butters-and-flavoured-peanut-butters-recalled-due-undeclared,"New World brand Tree Nut Butters and Flavoured Peanut Butters recalled due to undeclared almond, cashew and peanut","New World brand Tree Nut Butters and Flavoured Peanut Butters recalled due to undeclared almond, cashew and peanut      
       
  
                        
             Starting date:
May 7, 2021
Type of communication:
Recall…",2021-05-07,"Allergen - Peanut, Allergen - Tree Nut",Retail,New World Natural Foods Inc.,National,Class 2
125,520,https://recalls-rappels.canada.ca/en/alert-recall/certain-big-carrot-brand-juice-products-may-be-unsafe-due-pieces-glass,Certain The Big Carrot brand juice products may be unsafe due to pieces of glass,"Certain The Big Carrot brand juice products may be unsafe due to pieces of glass      
       
  
                        
             Starting date:
May 6, 2021
Type of communication:
Recall
Alert sub-type:
Food Recall Warning…",2021-05-06,Extraneous Material,Retail,The Big Carrot,Ontario,Class 1
126,521,https://recalls-rappels.canada.ca/en/alert-recall/various-brands-fig-spread-recalled-due-presence-stones,Various brands of Fig Spread recalled due to presence of stones,"Various brands of Fig Spread recalled due to presence of stones      
       
  
                        
             Starting date:
April 27, 2021
Type of communication:
Recall
Alert sub-type:
Notification
Subcategory:…",2021-04-27,Extraneous Material,Hotel/Restaurant/Institutional,W.T. Lynch Foods Limited,"Alberta, British Columbia, New Brunswick, Ontario, Saskatchewan, Yukon",Class 3
127,522,https://recalls-rappels.canada.ca/en/alert-recall/original-two-bite-brand-chocolate-chip-banana-bread-recalled-due-mould,Original Two-Bite brand Chocolate Chip Banana Bread recalled due to mould,"Original Two-Bite brand Chocolate Chip Banana Bread recalled due to mould      
       
  
                        
             Starting date:
April 22, 2021
Type of communication:
Recall
Alert sub-type:
Notification
Subcategory…",2021-04-22,Microbiological - Non harmful (Quality/Spoilage),Retail,Give and Go Prepared Foods Corp.,"Alberta, Manitoba, Saskatchewan",Class 3
128,523,https://recalls-rappels.canada.ca/en/alert-recall/goldilocks-sweet-delights-brand-pinipig-polvoron-philippine-shortbread-cookies,Goldilocks Sweet Delights brand Pinipig Polvoron Philippine Shortbread Cookies recalled due to rancidity,"Goldilocks Sweet Delights brand Pinipig Polvoron Philippine Shortbread Cookies recalled due to rancidity      
       
  
                        
             Starting date:
April 20, 2021
Type of communication:
Recall
Alert sub-…",2021-04-20,Other,,AFOD Ltd.,14369,Class 3
129,524,https://recalls-rappels.canada.ca/en/alert-recall/co-op-gold-pure-brand-organic-protein-peanut-butter-crunchy-recalled-due-undeclared,"Co-op Gold Pure brand Organic ""Protein"" Peanut Butter – Crunchy recalled due to undeclared almond and Co-op Gold Pure brand Superfood Peanut Butter – Crunchy recalled due to undeclared almond and cashew","Co-op Gold Pure brand Organic ""Protein"" Peanut Butter – Crunchy recalled due to undeclared almond and Co-op Gold Pure brand Superfood Peanut Butter – Crunchy recalled due to undeclared almond and cashew…",2021-04-18,Allergen - Tree Nut,Consumer,Federated Co-operatives Ltd.,"Alberta, British Columbia, Manitoba, Possibly National, Saskatchewan",Class 1
130,525,https://recalls-rappels.canada.ca/en/alert-recall/woodward-s-brand-peanut-butter-crunchy-unsalted-recalled-due-undeclared-cashew,Woodward's brand Peanut Butter - Crunchy Unsalted recalled due to undeclared cashew,"Woodward's brand Peanut Butter - Crunchy Unsalted recalled due to undeclared cashew      
       
  
                        
             Starting date:
April 18, 2021
Type of communication:
Recall
Alert sub-type:
Food…",2021-04-18,Allergen - Tree Nut,Retail,Jiva Manufacturing & Distributing Inc.,British Columbia,Class 3
131,526,https://recalls-rappels.canada.ca/en/alert-recall/new-world-brand-organic-chia-coconut-peanut-butter-recalled-due-undeclared-almond-and,New World brand Organic Chia Coconut Peanut Butter recalled due to undeclared almond and cashew,"New World brand Organic Chia Coconut Peanut Butter recalled due to undeclared almond and cashew      
       
  
                        
             Starting date:
April 18, 2021
Type of communication:
Recall
Alert sub-type:…",2021-04-18,Allergen - Tree Nut,Retail,New World Natural Foods Inc.,"Alberta, British Columbia, Manitoba, New Brunswick, Newfoundland and Labrador, Nova Scotia, Prince Edward Island, Saskatchewan",Class 2
132,527,https://recalls-rappels.canada.ca/en/alert-recall/annette-s-brand-mini-donuts-powdered-recalled-due-undeclared-peanut,Annette's brand Mini Donuts - Powdered recalled due to undeclared peanut,"Annette's brand Mini Donuts - Powdered recalled due to undeclared peanut      
       
  
                        
             Starting date:
April 16, 2021
Type of communication:
Recall
Alert sub-type:
Food Recall Warning (…",2021-04-16,Allergen - Peanut,Retail,Weston Foods,"Alberta, British Columbia, Manitoba, Saskatchewan, Yukon",Class 2
133,528,https://recalls-rappels.canada.ca/en/alert-recall/nestle-brand-drumstick-caramel-non-dairy-frozen-dessert-cones-and-drumstick-vanilla,Nestlé brand Drumstick Caramel Non-Dairy Frozen Dessert Cones and Drumstick Vanilla Chocolate Swirl Non-Dairy Frozen Dessert Cones recalled due to undeclared milk,"Nestlé brand Drumstick Caramel Non-Dairy Frozen Dessert Cones and Drumstick Vanilla Chocolate Swirl Non-Dairy Frozen Dessert Cones recalled due to undeclared milk      
       
  
                        
             Starting…",2021-04-15,Allergen - Milk,Consumer,Nestlé Canada Inc.,"Alberta, British Columbia, Manitoba, Ontario, Possibly National, Quebec",Class 1
134,529,https://recalls-rappels.canada.ca/en/alert-recall/polskaw-surowa-sausage-recalled-due-generic-e-coli,Polskaw Surowa (Sausage) recalled due to generic E. coli,"Polskaw Surowa (Sausage) recalled due to generic E. coli      
       
  
                        
             Starting date:
April 15, 2021
Type of communication:
Recall
Alert sub-type:
Notification
Subcategory:
Microbiological…",2021-04-15,Microbiological - Other,Retail,Lavergne Western Beef,Ontario,Class 2
135,530,https://recalls-rappels.canada.ca/en/alert-recall/thai-elephant-brand-black-tiger-shrimp-recalled-due-undeclared-sulphites-0,Thai Elephant brand Black Tiger Shrimp recalled due to undeclared sulphites,"Thai Elephant brand Black Tiger Shrimp recalled due to undeclared sulphites      
       
  
                        
             Starting date:
April 13, 2021
Type of communication:
Recall
Alert sub-type:
Food Recall Warning (…",2021-04-13,Allergen - Sulphites,Hotel/Restaurant/Institutional,Soline Trading Ltd.,"Ontario, Quebec",Class 2
139,531,https://recalls-rappels.canada.ca/en/alert-recall/co-op-gold-pure-brand-superfood-peanut-butter-crunchy-recalled-due-undeclared-hazelnut,Co-op Gold Pure brand Superfood Peanut Butter – Crunchy recalled due to undeclared hazelnut and almond,"Co-op Gold Pure brand Superfood Peanut Butter – Crunchy recalled due to undeclared hazelnut and almond      
       
  
                        
             Starting date:
April 13, 2021
Type of communication:
Recall
Alert sub-…",2021-04-13,Allergen - Tree Nut,Retail,Federated Co-Operatives Ltd.,"Alberta, British Columbia, Manitoba, Northwest Territories, Nunavut, Saskatchewan, Yukon",Class 2
140,532,https://recalls-rappels.canada.ca/en/alert-recall/new-world-brand-almond-butter-smooth-roasted-recalled-due-undeclared-peanut-and-cashew,New World brand Almond Butter - Smooth - Roasted recalled due to undeclared peanut and cashew,"New World brand Almond Butter - Smooth - Roasted recalled due to undeclared peanut and cashew      
       
  
                        
             Starting date:
April 13, 2021
Type of communication:
Recall
Alert sub-type:
Food…",2021-04-13,"Allergen - Peanut, Allergen - Tree Nut",Retail,New World Natural Foods Inc.,"British Columbia, Ontario",Class 2
141,533,https://recalls-rappels.canada.ca/en/alert-recall/hayter-s-farm-brand-onion-parsley-turkey-burgers-recalled-due-undeclared-wheat,Hayter's Farm brand Onion & Parsley Turkey Burgers recalled due to undeclared wheat,"Hayter's Farm brand Onion & Parsley Turkey Burgers recalled due to undeclared wheat      
       
  
                        
             Starting date:
April 11, 2021
Type of communication:
Recall
Alert sub-type:
Food…",2021-04-11,Allergen - Wheat,Consumer,Hayter's Turkey Products Inc.,Ontario,Class 1
142,534,https://recalls-rappels.canada.ca/en/alert-recall/consumption-double-happiness-brand-dried-almond-may-cause-cyanide-poisoning,"Consumption of Double Happiness brand ""Dried Almond"" may cause cyanide poisoning","Consumption of Double Happiness brand ""Dried Almond"" may cause cyanide poisoning      
       
  
                        
             Starting date:
April 9, 2021
Type of communication:
Recall
Alert sub-type:
Updated…",2021-04-09,Chemical,Retail,Tun Hau Enterprises (Canada) Ltd.,"Alberta, British Columbia, Manitoba, Possibly National",Class 1
143,535,https://recalls-rappels.canada.ca/en/alert-recall/co-op-gold-pure-brand-almond-butter-crunchy-roasted-recalled-due-undeclared-cashew-0,Co-op Gold Pure brand Almond Butter – Crunchy Roasted recalled due to undeclared cashew and hazelnut,"Co-op Gold Pure brand Almond Butter – Crunchy Roasted recalled due to undeclared cashew and hazelnut      
       
  
                        
             Starting date:
April 9, 2021
Type of communication:
Recall
Alert sub-type…",2021-04-09,Allergen - Tree Nut,Consumer,Federated Co-Operatives Ltd.,"Alberta, British Columbia, Manitoba, Nunavut, Possibly National, Saskatchewan, Northwest Territories, Yukon",Class 1
144,536,https://recalls-rappels.canada.ca/en/alert-recall/leadbetters-brand-cowboy-burgers-recalled-due-possible-spoilage,Leadbetters brand Cowboy Burgers recalled due to possible spoilage,"Leadbetters brand Cowboy Burgers recalled due to possible spoilage      
       
  
                        
             Starting date:
April 7, 2021
Type of communication:
Recall
Alert sub-type:
Notification
Subcategory:…",2021-04-07,Microbiological - Non harmful (Quality/Spoilage),Retail,Leadbetter Foods Inc.,Ontario,Class 3
145,537,https://recalls-rappels.canada.ca/en/alert-recall/consumption-chen-chen-brand-dried-apricot-north-almond-seeds-may-cause-cyanide,Consumption of Chen-Chen brand Dried Apricot North Almond Seeds may cause cyanide poisoning,"Consumption of Chen-Chen brand Dried Apricot North Almond Seeds may cause cyanide poisoning      
       
  
                        
             Starting date:
April 6, 2021
Type of communication:
Recall
Alert sub-type:
Updated…",2021-04-06,Chemical,Retail,Chevalier Star Trading Co. Ltd.,"British Columbia, Possibly National",Class 1
146,538,https://recalls-rappels.canada.ca/en/alert-recall/co-op-gold-pure-brand-almond-butter-raw-unroasted-recalled-due-undeclared-cashew-and,Co-op Gold Pure brand Almond Butter – Raw – Unroasted recalled due to undeclared cashew and hazelnut and Co-op Gold Pure brand Cashew Butter recalled due to undeclared almond and hazelnut,Co-op Gold Pure brand Almond Butter – Raw – Unroasted recalled due to undeclared cashew and hazelnut and Co-op Gold Pure brand Cashew Butter recalled due to undeclared almond and hazelnut…,2021-04-02,Allergen - Tree Nut,Retail,Federated Co-operatives Ltd.,"Alberta, British Columbia, Manitoba, Northwest Territories, Nunavut, Saskatchewan, Yukon",Class 2
147,539,https://recalls-rappels.canada.ca/en/alert-recall/consumption-certain-apricot-kernel-products-may-cause-cyanide-poisoning-1,Consumption of certain apricot kernel products may cause cyanide poisoning,"Consumption of certain apricot kernel products may cause cyanide poisoning      
       
  
                        
             Starting date:
April 2, 2021
Type of communication:
Recall
Alert sub-type:
Updated Food Recall…",2021-04-02,"Chemical, Other",Retail,Yin Chun Super Herb Inc.,Ontario,Class 1
156,541,https://recalls-rappels.canada.ca/en/alert-recall/consumption-heng-brand-blanched-bitter-apricot-may-cause-cyanide-poisoning,Consumption of Heng Le brand Blanched Bitter Apricot may cause cyanide poisoning,"Consumption of Heng Le brand Blanched Bitter Apricot may cause cyanide poisoning      
       
  
                        
             Starting date:
March 31, 2021
Type of communication:
Recall
Alert sub-type:
Notification…",2021-03-31,Chemical,Hotel/Restaurant/Institutional,Topwin Trading Co. Ltd.,"Alberta, British Columbia, Ontario",Class 1
157,542,https://recalls-rappels.canada.ca/en/alert-recall/kolapore-springs-brand-and-north-shore-brand-smoked-trout-products-recalled-due,Kolapore Springs brand and North Shore brand smoked trout products recalled due to potential presence of dangerous bacteria,"Kolapore Springs brand and North Shore brand smoked trout products recalled due to potential presence of dangerous bacteria      
       
  
                        
             Starting date:
March 30, 2021
Type of communication…",2021-03-30,Microbiological - Clostridium botulinum,Consumer,North Shore Specialty Foods,Ontario,Class 1
158,543,https://recalls-rappels.canada.ca/en/alert-recall/que-pasa-mexicana-brand-salsa-medium-recalled-due-pieces-glass,Que Pasa Mexicana brand Salsa-Medium recalled due to pieces of glass,"Que Pasa Mexicana brand Salsa-Medium recalled due to pieces of glass      
       
  
                        
             Starting date:
March 30, 2021
Type of communication:
Recall
Alert sub-type:
Notification
Subcategory:…",2021-03-30,Extraneous Material,Retail,Nature's Path Foods Inc.,National,Class 2
159,544,https://recalls-rappels.canada.ca/en/alert-recall/consumption-earth-notions-brand-raw-bitter-apricot-kernels-may-cause-cyanide-poisoning,Consumption of Earth Notions brand Raw Bitter Apricot Kernels may cause cyanide poisoning,"Consumption of Earth Notions brand Raw Bitter Apricot Kernels may cause cyanide poisoning      
       
  
                        
             Starting date:
March 30, 2021
Type of communication:
Recall
Alert sub-type:
Updated…",2021-03-30,"Chemical, Other",Retail,Earth Notions Inc.,National,Class 1
160,545,https://recalls-rappels.canada.ca/en/alert-recall/kolapore-springs-brand-smoked-trout-products-recalled-due-potential-presence-dangerous,Kolapore Springs brand smoked trout products recalled due to potential presence of dangerous bacteria,"Kolapore Springs brand smoked trout products recalled due to potential presence of dangerous bacteria      
       
  
                        
             Starting date:
March 26, 2021
Type of communication:
Recall
Alert sub-…",2021-03-26,Microbiological - Clostridium botulinum,Consumer,North Shore Specialty Foods,Ontario,Class 1
161,546,https://recalls-rappels.canada.ca/en/alert-recall/consumption-our-father-s-farm-brand-extremely-bitter-apricot-kernels-may-cause-cyanide,Consumption of Our Father's Farm brand Extremely Bitter Apricot Kernels may cause cyanide poisoning,"Consumption of Our Father's Farm brand Extremely Bitter Apricot Kernels may cause cyanide poisoning      
       
  
                        
             Starting date:
March 26, 2021
Type of communication:
Advisory
Alert…",2021-03-26,Other,Retail,Our Father's Farm,Possibly National,Class 1
162,547,https://recalls-rappels.canada.ca/en/alert-recall/goodfood-brand-chicken-parm-grain-bowl-mixed-salad-recalled-due-undeclared-sesame,Goodfood brand Chicken & Parm Grain Bowl with Mixed Salad recalled due to undeclared sesame,"Goodfood brand Chicken & Parm Grain Bowl with Mixed Salad recalled due to undeclared sesame      
       
  
                        
             Starting date:
March 24, 2021
Type of communication:
Recall
Alert sub-type:…",2021-03-24,Allergen - Sesame Seeds,Consumer,Goodfood Market Corp.,Quebec,Class 3
163,548,https://recalls-rappels.canada.ca/en/alert-recall/consumption-double-happiness-brand-dried-apricot-seed-mix-may-cause-cyanide-poisoning,Consumption of Double Happiness brand Dried Apricot Seed Mix may cause cyanide poisoning,"Consumption of Double Happiness brand Dried Apricot Seed Mix may cause cyanide poisoning      
       
  
                        
             Starting date:
March 24, 2021
Type of communication:
Recall
Alert sub-type:
Updated…",2021-03-24,Other,Retail,Tun Hau Enterprises (Canada) Ltd.,"Alberta, British Columbia, Manitoba, Possibly National",Class 1
164,550,https://recalls-rappels.canada.ca/en/alert-recall/co-op-gold-pure-brand-almond-butter-crunchy-roasted-recalled-due-undeclared-cashew-and,Co-op Gold Pure brand Almond Butter – Crunchy Roasted recalled due to undeclared cashew and Co-op Gold Pure brand Cashew Butter recalled due to undeclared almond,"Co-op Gold Pure brand Almond Butter – Crunchy Roasted recalled due to undeclared cashew and Co-op Gold Pure brand Cashew Butter recalled due to undeclared almond      
       
  
                        
             Starting date…",2021-03-20,Allergen - Tree Nut,Retail,Federated Co-operatives Ltd.,"Alberta, British Columbia, Manitoba, Nunavut, Possibly National, Saskatchewan, Northwest Territories, Yukon",Class 1
165,551,https://recalls-rappels.canada.ca/en/alert-recall/goodfood-brand-crispy-almond-chicken-sweet-potato-mash-garlic-sauteed-vegetables,Goodfood brand Crispy Almond Chicken with Sweet Potato Mash & Garlic Sautéed Vegetables recalled due to undeclared mustard,"Goodfood brand Crispy Almond Chicken with Sweet Potato Mash & Garlic Sautéed Vegetables recalled due to undeclared mustard      
       
  
                        
             Starting date:
March 20, 2021
Type of…",2021-03-20,Allergen - Mustard,Consumer,Goodfood Market Corp.,"Alberta, British Columbia, Manitoba, Saskatchewan",Class 3
166,552,https://recalls-rappels.canada.ca/en/alert-recall/ser-lumiere-brand-stuffed-eggplant-recalled-due-commercial-sterility-concerns,Ser Lumière brand Stuffed Eggplant recalled due to commercial sterility concerns,"Ser Lumière brand Stuffed Eggplant recalled due to commercial sterility concerns      
       
  
                        
             Starting date:
March 20, 2021
Type of communication:
Recall
Alert sub-type:
Notification…",2021-03-20,Microbiological - Other,Retail,Distributions Favoris Inc.,Quebec,Class 2
167,553,https://recalls-rappels.canada.ca/en/alert-recall/glutenull-brand-goji-berries-chocolate-cookies-recalled-due-undeclared-milk-0,GluteNull brand Goji Berries & Chocolate Cookies recalled due to undeclared milk,"GluteNull brand Goji Berries & Chocolate Cookies recalled due to undeclared milk      
       
  
                        
             Starting date:
March 19, 2021
Type of communication:
Recall
Alert sub-type:
Food Recall…",2021-03-19,Allergen - Milk,Retail,Amra Services Ltd. (dba GluteNull),"British Columbia, Possibly National",Class 1
171,554,https://recalls-rappels.canada.ca/en/alert-recall/taylor-farms-brand-creamy-dill-pickle-salad-kit-recalled-due-pieces-plastic-and-metal,Taylor Farms brand Creamy Dill Pickle Salad Kit recalled due to pieces of plastic and metal,"Taylor Farms brand Creamy Dill Pickle Salad Kit recalled due to pieces of plastic and metal      
       
  
                        
             Starting date:
March 19, 2021
Type of communication:
Recall
Alert sub-type:…",2021-03-19,Extraneous Material,Retail,"Taylor Farms Retail, Inc.",National,Class 2
172,555,https://recalls-rappels.canada.ca/en/alert-recall/woolwich-brand-soft-fresh-goat-cheese-fig-balsamic-recalled-due-presence-stones,Woolwich brand Soft Fresh Goat Cheese - Fig & Balsamic recalled due to presence of stones,"Woolwich brand Soft Fresh Goat Cheese - Fig & Balsamic recalled due to presence of stones      
       
  
                        
             Starting date:
March 19, 2021
Type of communication:
Recall
Alert sub-type:…",2021-03-19,Extraneous Material,Retail,Saputo Dairy Products Canada G.P.,National,Class 3
173,556,https://recalls-rappels.canada.ca/en/alert-recall/pc-brand-fig-soft-unripened-goat-s-milk-cheese-recalled-due-presence-stones,PC brand Fig Soft Unripened Goat's Milk Cheese recalled due to presence of stones,"PC brand Fig Soft Unripened Goat's Milk Cheese recalled due to presence of stones      
       
  
                        
             Starting date:
March 19, 2021
Type of communication:
Recall
Alert sub-type:
Notification…",2021-03-19,Extraneous Material,Retail,Loblaw Companies Limited,National,Class 3
174,557,https://recalls-rappels.canada.ca/en/alert-recall/pak-brand-compass-diced-dried-figs-coated-rice-flour-recalled-due-presence-stones,Pak brand Compass Diced Dried Figs Coated with Rice Flour recalled due to presence of stones,"Pak brand Compass Diced Dried Figs Coated with Rice Flour recalled due to presence of stones      
       
  
                        
             Starting date:
March 19, 2021
Type of communication:
Recall
Alert sub-type:…",2021-03-19,Extraneous Material,Warehouse,Compass Food Sales Co. Ltd.,Ontario,Class 3
175,558,https://recalls-rappels.canada.ca/en/alert-recall/healthy-choice-brand-power-bowls-meatless-chipotle-chick-n-recalled-due-undeclared,Healthy Choice brand Power Bowls Meatless Chipotle Chick'n recalled due to undeclared milk,"Healthy Choice brand Power Bowls Meatless Chipotle Chick'n recalled due to undeclared milk      
       
  
                        
             Starting date:
March 19, 2021
Type of communication:
Recall
Alert sub-type:…",2021-03-19,Allergen - Milk,Retail,Conagra Brands Canada Inc.,"Alberta, British Columbia, Manitoba, New Brunswick, Nova Scotia, Ontario, Quebec, Saskatchewan",Class 3
176,559,https://recalls-rappels.canada.ca/en/alert-recall/consumption-harmonic-arts-botanical-dispensary-brand-wild-harvested-apricot-kernels,Consumption of Harmonic Arts Botanical Dispensary brand Wild Harvested Apricot Kernels may cause cyanide poisoning,"Consumption of Harmonic Arts Botanical Dispensary brand Wild Harvested Apricot Kernels may cause cyanide poisoning      
       
  
                        
             Starting date:
March 19, 2021
Type of communication:
Recall…",2021-03-19,Other,Retail,Harmonic Arts Botanical Dispensary,"Alberta, British Columbia, Ontario, Possibly National",Class 1
177,560,https://recalls-rappels.canada.ca/en/alert-recall/certain-dwarf-stars-brand-pumpkin-seed-butter-cups-dark-chocolate-recalled-due,Certain Dwarf Stars brand Pumpkin Seed Butter Cups Dark Chocolate recalled due to undeclared milk,"Certain Dwarf Stars brand Pumpkin Seed Butter Cups Dark Chocolate recalled due to undeclared milk      
       
  
                        
             Starting date:
March 18, 2021
Type of communication:
Recall
Alert sub-type:…",2021-03-18,Allergen - Milk,Consumer,The Fork Food Co. Ltd.,National,Class 1
178,561,https://recalls-rappels.canada.ca/en/alert-recall/sugarsin-brand-gummies-recalled-due-presence-insects,SugarSin brand Gummies recalled due to presence of insects,"SugarSin brand Gummies recalled due to presence of insects      
       
  
                        
             Starting date:
March 18, 2021
Type of communication:
Recall
Alert sub-type:
Notification
Subcategory:
Extraneous…",2021-03-18,Extraneous Material,Retail,Dovetale Collections,National,Class 3
179,562,https://recalls-rappels.canada.ca/en/alert-recall/consumption-certain-apricot-kernel-products-packed-wah-yan-tong-may-cause-cyanide,Consumption of certain apricot kernel products packed by Wah Yan Tong may cause cyanide poisoning,"Consumption of certain apricot kernel products packed by Wah Yan Tong may cause cyanide poisoning      
       
  
                        
             Starting date:
March 16, 2021
Type of communication:
Advisory
Alert sub-type…",2021-03-16,Other,Retail,Wah Yan Tong,National,--
180,563,https://recalls-rappels.canada.ca/en/alert-recall/stemmler-s-brand-and-various-brands-german-salami-recalled-due-undeclared-mustard,Stemmler's brand and various brands German Salami recalled due to undeclared mustard,"Stemmler's brand and various brands German Salami recalled due to undeclared mustard      
       
  
                        
             Starting date:
March 13, 2021
Type of communication:
Recall
Alert sub-type:
Food…",2021-03-13,Allergen - Mustard,Retail,Stemmler Meats & Cheese,Ontario,Class 2
181,564,https://recalls-rappels.canada.ca/en/alert-recall/consumption-our-father-s-farm-brand-bitter-apricot-kernel-products-may-cause-cyanide,Consumption of Our Father's Farm brand bitter apricot kernel products may cause cyanide poisoning,"Consumption of Our Father's Farm brand bitter apricot kernel products may cause cyanide poisoning      
       
  
                        
             Starting date:
March 12, 2021
Type of communication:
Advisory
Alert sub-…",2021-03-12,Other,Retail,Our Father's Farm,National,Class 1
182,566,https://recalls-rappels.canada.ca/en/alert-recall/consumption-organic-traditions-brand-dried-bitter-apricot-kernels-may-cause-cyanide,Consumption of Organic Traditions brand Dried Bitter Apricot Kernels may cause cyanide poisoning,"Consumption of Organic Traditions brand Dried Bitter Apricot Kernels may cause cyanide poisoning      
       
  
                        
             Starting date:
March 11, 2021
Type of communication:
Recall
Alert sub-type:…",2021-03-11,Other,Retail,Advantage Health Matters Inc.,National,Class 1
183,567,https://recalls-rappels.canada.ca/en/alert-recall/seafood-city-supermarket-brand-yellow-walking-fish-clarias-recalled-due-leucomalachite,Seafood City Supermarket brand Yellow Walking Fish Clarias recalled due to leucomalachite green,"Seafood City Supermarket brand Yellow Walking Fish Clarias recalled due to leucomalachite green      
       
  
                        
             Starting date:
March 8, 2021
Type of communication:
Recall
Alert sub-type:…",2021-03-08,Chemical,Retail,Fortune Distribution Ltd.,"Alberta, Manitoba, Ontario",Class 2
184,568,https://recalls-rappels.canada.ca/en/alert-recall/wilton-brand-sprinkle-products-recalled-due-undeclared-milk,Wilton brand sprinkle products recalled due to undeclared milk,"Wilton brand sprinkle products recalled due to undeclared milk      
       
  
                        
             Starting date:
March 5, 2021
Type of communication:
Recall
Alert sub-type:
Food Recall Warning (Allergen)…",2021-03-05,Allergen - Milk,Retail,Wilton Industries Canada Company,"Alberta, British Columbia, Manitoba, New Brunswick, Newfoundland and Labrador, Ontario, Possibly National, Quebec, Saskatchewan",Class 1
185,569,https://recalls-rappels.canada.ca/en/alert-recall/new-grist-brand-pilsner-style-gluten-free-alcholic-beverage-recalled-due-quality-issue,New Grist brand Pilsner Style Gluten-Free Alcholic Beverage recalled due to a quality issue,"New Grist brand Pilsner Style Gluten-Free Alcholic Beverage recalled due to a quality issue      
       
  
                        
             Starting date:
March 5, 2021
Type of communication:
Recall
Alert sub-type:…",2021-03-05,Microbiological - Non harmful (Quality/Spoilage),Retail,"AFIC EXIM (Canada) Corp., LCBO","Alberta, British Columbia, Ontario, Saskatchewan",Class 3
186,570,https://recalls-rappels.canada.ca/en/alert-recall/co-op-gold-pure-brand-almond-butter-crunchy-roasted-recalled-due-undeclared-cashew,Co-op Gold Pure brand Almond Butter – Crunchy Roasted recalled due to undeclared cashew,"Co-op Gold Pure brand Almond Butter – Crunchy Roasted recalled due to undeclared cashew      
       
  
                        
             Starting date:
February 27, 2021
Type of communication:
Recall
Alert sub-type:
Food…",2021-02-27,Allergen - Tree Nut,Retail,Federated Co-operatives Ltd.,"Alberta, British Columbia, Manitoba, Northwest Territories, Saskatchewan",Class 2
187,571,https://recalls-rappels.canada.ca/en/alert-recall/goldroast-brand-instant-nutritious-cereal-original-flavour-recalled-due-undeclared,Goldroast brand Instant Nutritious Cereal – Original Flavour recalled due to undeclared milk,"Goldroast brand Instant Nutritious Cereal – Original Flavour recalled due to undeclared milk      
       
  
                        
             Starting date:
February 27, 2021
Type of communication:
Recall
Alert sub-type:…",2021-02-27,Allergen - Milk,Retail,AJ International Trading,"Ontario, Possibly National",Class 1
188,573,https://recalls-rappels.canada.ca/en/alert-recall/soupin-it-brand-soup-mixes-recalled-due-undeclared-sulphites,Soupin' It Up brand Soup Mixes recalled due to undeclared sulphites,"Soupin' It Up brand Soup Mixes recalled due to undeclared sulphites      
       
  
                        
             Starting date:
February 20, 2021
Type of communication:
Recall
Alert sub-type:
Food Recall Warning (…",2021-02-20,Allergen - Sulphites,Retail,Soupin' It Up,Alberta,Class 2
189,574,https://recalls-rappels.canada.ca/en/alert-recall/happy-veggie-world-brand-vege-meatball-recalled-due-undeclared-wheat,Happy Veggie World brand Vege Meatball recalled due to undeclared wheat,"Happy Veggie World brand Vege Meatball recalled due to undeclared wheat      
       
  
                        
             Starting date:
February 20, 2021
Type of communication:
Recall
Alert sub-type:
Food Recall Warning (…",2021-02-20,Allergen - Wheat,Retail,Happy Veggie World,"Alberta, British Columbia",Class 2
190,575,https://recalls-rappels.canada.ca/en/alert-recall/unbun-brand-untortillas-recalled-due-undeclared-egg,unbun brand untortillas recalled due to undeclared egg,"unbun brand untortillas recalled due to undeclared egg      
       
  
                        
             Starting date:
February 19, 2021
Type of communication:
Recall
Alert sub-type:
Food Recall Warning (Allergen)…",2021-02-19,Allergen - Egg,Retail,Unbun Foods,National,Class 1
191,576,https://recalls-rappels.canada.ca/en/alert-recall/valentine-eruption-cake-sold-save-foods-recalled-due-undeclared-almonds-and-walnuts,Valentine Eruption Cake sold by Save-On-Foods recalled due to undeclared almonds and walnuts,"Valentine Eruption Cake sold by Save-On-Foods recalled due to undeclared almonds and walnuts      
       
  
                        
             Starting date:
February 19, 2021
Type of communication:
Recall
Alert sub-type:…",2021-02-19,Allergen - Tree Nut,Retail,Save-On-Foods,"Alberta, British Columbia, Manitoba, Saskatchewan, Yukon",Class 1
192,577,https://recalls-rappels.canada.ca/en/alert-recall/lean-ground-beef-and-extra-lean-ground-beef-recalled-due-pieces-plastic,Lean Ground Beef and Extra Lean Ground Beef recalled due to pieces of plastic,"Lean Ground Beef and Extra Lean Ground Beef recalled due to pieces of plastic      
       
  
                        
             Starting date:
February 15, 2021
Type of communication:
Recall
Alert sub-type:
Notification…",2021-02-15,Extraneous Material,Retail,Sobeys Inc.,Alberta,Class 3
193,578,https://recalls-rappels.canada.ca/en/alert-recall/one-ocean-brand-sliced-smoked-wild-sockeye-salmon-recalled-due-listeria-0,One Ocean brand Sliced Smoked Wild Sockeye Salmon recalled due to Listeria monocytogenes,"One Ocean brand Sliced Smoked Wild Sockeye Salmon recalled due to Listeria monocytogenes      
       
  
                        
             Starting date:
February 10, 2021
Type of communication:
Recall
Alert sub-type:
Updated…",2021-02-10,Microbiological - Listeria,Consumer,Orca Specialty Foods Ltd.,British Columbia,Class 1
197,579,https://recalls-rappels.canada.ca/en/alert-recall/pastene-brand-green-olives-sliced-recalled-due-container-integrity-defects,Pastene brand Green Olives Sliced recalled due to container integrity defects,"Pastene brand Green Olives Sliced recalled due to container integrity defects      
       
  
                        
             Starting date:
February 8, 2021
Type of communication:
Recall
Alert sub-type:
Notification…",2021-02-08,Other,Retail,Pastene Enterprises ULC,"New Brunswick, Nova Scotia, Ontario, Quebec",Class 3
198,580,https://recalls-rappels.canada.ca/en/alert-recall/casa-italia-brand-soppressata-piccante-salami-recalled-due-possible-spoilage,Casa Italia brand Soppressata Piccante Salami recalled due to possible spoilage,"Casa Italia brand Soppressata Piccante Salami recalled due to possible spoilage      
       
  
                        
             Starting date:
February 3, 2021
Type of communication:
Recall
Alert sub-type:
Notification…",2021-02-03,Microbiological - Non harmful (Quality/Spoilage),Hotel/Restaurant/Institutional,SYSCO Toronto,Ontario,Class 3
199,581,https://recalls-rappels.canada.ca/en/alert-recall/panache-brand-sweet-onion-poppy-seed-dressing-recalled-due-spoilage,Panache brand Sweet Onion Poppy Seed Dressing recalled due to spoilage,"Panache brand Sweet Onion Poppy Seed Dressing recalled due to spoilage      
       
  
                        
             Starting date:
February 1, 2021
Type of communication:
Recall
Alert sub-type:
Notification
Subcategory:…",2021-02-01,Microbiological - Non harmful (Quality/Spoilage),Retail,Sobeys Inc.,"Alberta, British Columbia, Manitoba, Ontario, Saskatchewan",Class 3
200,582,https://recalls-rappels.canada.ca/en/alert-recall/rougie-brand-duck-foie-gras-recalled-due-undeclared-milk,Rougié brand Duck Foie Gras recalled due to undeclared milk,"Rougié brand Duck Foie Gras recalled due to undeclared milk      
       
  
                        
             Starting date:
February 1, 2021
Type of communication:
Recall
Alert sub-type:
Food Recall Warning (Allergen)…",2021-02-01,Allergen - Milk,Retail,Aurpal Inc.,"British Columbia, Ontario, Quebec",Class 3
201,583,https://recalls-rappels.canada.ca/en/alert-recall/solstice-ciderworks-brand-ciders-recalled-due-leaking-cans,Solstice Ciderworks brand Ciders recalled due to leaking cans,"Solstice Ciderworks brand Ciders recalled due to leaking cans      
       
  
                        
             Starting date:
February 1, 2021
Type of communication:
Recall
Alert sub-type:
Notification
Subcategory:…",2021-02-01,Microbiological - Other,Retail,Solstice Ciderworks,Yukon,Class 3
202,584,https://recalls-rappels.canada.ca/en/alert-recall/st-dalfour-brand-deluxe-chestnut-spread-recalled-due-pieces-glass,ST. DALFOUR brand Deluxe Chestnut Spread recalled due to pieces of glass,"ST. DALFOUR brand Deluxe Chestnut Spread recalled due to pieces of glass      
       
  
                        
             Starting date:
February 1, 2021
Type of communication:
Recall
Alert sub-type:
Notification
Subcategory…",2021-02-01,Extraneous Material,Retail,Satau Inc.,"Ontario, Quebec",Class 2
203,585,https://recalls-rappels.canada.ca/en/alert-recall/obiji-brand-palm-oil-recalled-due-sudan-iv,Obiji brand Palm Oil recalled due to Sudan IV,"Obiji brand Palm Oil recalled due to Sudan IV      
       
  
                        
             Starting date:
February 1, 2021
Type of communication:
Recall
Alert sub-type:
Notification
Subcategory:
Chemical
Hazard…",2021-02-01,Chemical,Retail,Crestar Healthcare Group Ltd.,"Alberta, British Columbia",Class 2
204,586,https://recalls-rappels.canada.ca/en/alert-recall/one-degree-organic-foods-brand-gluten-free-sprouted-rolled-oats-recalled-due-packaging,One Degree Organic Foods brand Gluten Free Sprouted Rolled Oats recalled due to packaging integrity defects and rancidity,"One Degree Organic Foods brand Gluten Free Sprouted Rolled Oats recalled due to packaging integrity defects and rancidity      
       
  
                        
             Starting date:
February 1, 2021
Type of communication…",2021-02-01,Other,Retail,One Degree Organic Foods Inc.,"Alberta, British Columbia, Manitoba, New Brunswick, Nova Scotia, Ontario, Quebec, Saskatchewan, Newfoundland and Labrador",Class 3
205,587,https://recalls-rappels.canada.ca/en/alert-recall/certain-recalled-isagenix-brand-products-being-sold-through-various-internet-sites-may,Certain recalled Isagenix brand products being sold through various internet sites may be unsafe due to over-fortification of vitamins,"Certain recalled Isagenix brand products being sold through various internet sites may be unsafe due to over-fortification of vitamins      
       
  
                        
             Starting date:
January 29, 2021
Type of…",2021-01-29,Other,Consumer,--,Possibly National,--
206,588,https://recalls-rappels.canada.ca/en/alert-recall/selection-brand-baby-dill-garlic-pickles-recalled-due-pieces-glass,Selection brand Baby Dill with Garlic Pickles recalled due to pieces of glass,"Selection brand Baby Dill with Garlic Pickles recalled due to pieces of glass      
       
  
                        
             Starting date:
January 28, 2021
Type of communication:
Recall
Alert sub-type:
Notification…",2021-01-28,Extraneous Material,Retail,Marcatus QED,"Ontario, Quebec",Class 2
207,590,https://recalls-rappels.canada.ca/en/alert-recall/maynila-s-choice-brand-fish-balls-recalled-due-improperly-declared-egg,Maynila's Choice brand Fish Balls recalled due to improperly declared egg,"Maynila's Choice brand Fish Balls recalled due to improperly declared egg      
       
  
                        
             Starting date:
January 26, 2021
Type of communication:
Recall
Alert sub-type:
Food Recall…",2021-01-26,Allergen - Egg,Retail,AFOD Ltd.,"Alberta, British Columbia, Manitoba, Saskatchewan, Yukon",Class 3
208,591,https://recalls-rappels.canada.ca/en/alert-recall/piller-s-brand-smoked-turkey-breast-recalled-due-pieces-plastic,Piller's brand Smoked Turkey Breast recalled due to pieces of plastic,"Piller's brand Smoked Turkey Breast recalled due to pieces of plastic      
       
  
                        
             Starting date:
January 26, 2021
Type of communication:
Recall
Alert sub-type:
Notification…",2021-01-26,Extraneous Material,Retail,Piller's Fine Foods,Ontario,Class 3
209,592,https://recalls-rappels.canada.ca/en/alert-recall/clover-leaf-brand-sardines-boneless-fillets-garlic-chive-oil-and-sardines-boneless,Clover Leaf brand Sardines Boneless Fillets - Garlic & Chive in Oil and Sardines Boneless Fillets - Smoked Jalapeño in Oil recalled due to potential presence of dangerous bacteria,Clover Leaf brand Sardines Boneless Fillets - Garlic & Chive in Oil and Sardines Boneless Fillets - Smoked Jalapeño in Oil recalled due to potential presence of dangerous bacteria…,2021-01-22,Microbiological - Other,Retail,Clover Leaf Seafoods Corp.,"Alberta, New Brunswick, Newfoundland and Labrador, Nova Scotia, Ontario, Possibly National, Quebec",Class 1
210,593,https://recalls-rappels.canada.ca/en/alert-recall/taidian-brand-xiaolong-bun-recalled-due-undeclared-oyster-and-wheat,Taidian brand Xiaolong Bun recalled due to undeclared oyster and wheat,"Taidian brand Xiaolong Bun recalled due to undeclared oyster and wheat      
       
  
                        
             Starting date:
January 20, 2021
Type of communication:
Recall
Alert sub-type:
Food Recall Warning (…",2021-01-20,"Allergen - Crustacean/Shellfish, Allergen - Gluten, Allergen - Wheat",Retail,Waisee Trading Co. Ltd.,British Columbia,Class 3
211,594,https://recalls-rappels.canada.ca/en/alert-recall/st-francis-herb-farm-52-fields-brand-coconut-oil-and-ghee-recalled-due-mould-and,St. Francis Herb Farm 52 Fields brand Coconut Oil and Ghee recalled due to mould and bacteria,"St. Francis Herb Farm 52 Fields brand Coconut Oil and Ghee recalled due to mould and bacteria      
       
  
                        
             Starting date:
January 19, 2021
Type of communication:
Recall
Alert sub-type:…",2021-01-19,"Microbiological - Non harmful (Quality/Spoilage), Microbiological - Other",Retail,St. Francis Herb Farm Inc.,"Alberta, British Columbia, Manitoba, Ontario, Quebec, Saskatchewan",Class 3
212,595,https://recalls-rappels.canada.ca/en/alert-recall/farma-elassonas-brand-pdo-kefalograviera-cheese-recalled-due-generic-e-coli,Farma Elassonas brand P.D.O Kefalograviera (Cheese) recalled due to generic E. coli,"Farma Elassonas brand P.D.O Kefalograviera (Cheese) recalled due to generic E. coli      
       
  
                        
             Starting date:
January 18, 2021
Type of communication:
Recall
Alert sub-type:
Notification…",2021-01-18,Microbiological - Other,"Retail, Hotel/Restaurant/Institutional",Messara Imports,"Ontario, Quebec",Class 2
213,596,https://recalls-rappels.canada.ca/en/alert-recall/amy-s-brand-golden-lentil-dal-soup-recalled-due-undeclared-egg-protein,Amy's brand Golden Lentil Dal Soup recalled due to undeclared egg protein,"Amy's brand Golden Lentil Dal Soup recalled due to undeclared egg protein      
       
  
                        
             Starting date:
January 16, 2021
Type of communication:
Recall
Alert sub-type:
Food Recall…",2021-01-16,Allergen - Egg,Consumer,Amy's Kitchen Inc.,"British Columbia, Ontario, Possibly National, Quebec",Class 1
214,597,https://recalls-rappels.canada.ca/en/alert-recall/merrylady-brand-chocolate-and-orange-non-dairy-whip-topping-recalled-due-presence-milk,Merrylady brand Chocolate and Orange Non-Dairy Whip Topping recalled due to the presence of milk,"Merrylady brand Chocolate and Orange Non-Dairy Whip Topping recalled due to the presence of milk      
       
  
                        
             Starting date:
January 15, 2021
Type of communication:
Recall
Alert sub-type:…",2021-01-15,Allergen - Milk,Consumer,Dolson Marketing Inc.,Ontario,Class 1
215,598,https://recalls-rappels.canada.ca/en/alert-recall/wang-korea-brand-sweet-rice-pancake-products-recalled-due-undeclared-egg,Wang Korea brand sweet rice pancake products recalled due to undeclared egg,"Wang Korea brand sweet rice pancake products recalled due to undeclared egg      
       
  
                        
             Starting date:
January 15, 2021
Type of communication:
Recall
Alert sub-type:
Food Recall Warning (…",2021-01-15,Allergen - Egg,Consumer,"Redfrog Enterprises Ltd., Pan Asia Food Co. Ltd.","Alberta, British Columbia, Manitoba, New Brunswick, Nova Scotia, Ontario, Quebec",Class 1
216,599,https://recalls-rappels.canada.ca/en/alert-recall/farm-boy-brand-marinated-teriyaki-chicken-recalled-due-undeclared-milk,Farm Boy brand Marinated Teriyaki Chicken recalled due to undeclared milk,"Farm Boy brand Marinated Teriyaki Chicken recalled due to undeclared milk      
       
  
                        
             Starting date:
January 15, 2021
Type of communication:
Recall
Alert sub-type:
Food Recall Warning (…",2021-01-15,Allergen - Milk,Retail,Farm Boy Company Inc.,Ontario,Class 3
217,600,https://recalls-rappels.canada.ca/en/alert-recall/7-eleven-brand-subs-recalled-due-listeria-monocytogenes,7-Eleven brand Subs recalled due to Listeria monocytogenes,"7-Eleven brand Subs recalled due to Listeria monocytogenes      
       
  
                        
             Starting date:
January 14, 2021
Type of communication:
Recall
Alert sub-type:
Notification
Subcategory:…",2021-01-14,Microbiological - Listeria,Retail,7-Eleven Canada Inc.,"Alberta, Manitoba, Ontario",Class 1
218,601,https://recalls-rappels.canada.ca/en/alert-recall/harvest-brand-polish-sausages-may-be-unsafe-due-undercooking,Harvest brand Polish Sausages may be unsafe due to undercooking,"Harvest brand Polish Sausages may be unsafe due to undercooking      
       
  
                        
             Starting date:
January 14, 2021
Type of communication:
Recall
Alert sub-type:
Food Recall Warning
Subcategory:…",2021-01-14,Other,Consumer,Harvest Meats,"Alberta, British Columbia, Manitoba, Northwest Territories, Ontario, Saskatchewan",Class 2
219,602,https://recalls-rappels.canada.ca/en/alert-recall/hjd-brand-gluten-free-sprouted-multi-grain-recalled-due-presence-barley,HJD brand gluten-free Sprouted Multi Grain recalled due to the presence of barley,"HJD brand gluten-free Sprouted Multi Grain recalled due to the presence of barley      
       
  
                        
             Starting date:
January 13, 2021
Type of communication:
Recall
Alert sub-type:
Food Recall…",2021-01-13,Allergen - Gluten,Retail,Hwa Joo Dang Enterprises Ltd.,"Alberta, British Columbia, Ontario, Saskatchewan",Class 3
220,603,https://recalls-rappels.canada.ca/en/alert-recall/piller-s-brand-oven-roasted-turkey-breast-recalled-due-pieces-plastic,Piller's brand Oven Roasted Turkey Breast recalled due to pieces of plastic,"Piller's brand Oven Roasted Turkey Breast recalled due to pieces of plastic      
       
  
                        
             Starting date:
January 11, 2021
Type of communication:
Recall
Alert sub-type:
Notification…",2021-01-11,Extraneous Material,Retail,Piller's Fine Foods,National,Class 3
221,604,https://recalls-rappels.canada.ca/en/alert-recall/belle-grove-brand-whole-white-mushrooms-recalled-due-potential-presence-dangerous,Belle Grove brand Whole White Mushrooms recalled due to potential presence of dangerous bacteria,"Belle Grove brand Whole White Mushrooms recalled due to potential presence of dangerous bacteria      
       
  
                        
             Starting date:
January 9, 2021
Type of communication:
Recall
Alert sub-type:…",2021-01-09,Microbiological - Clostridium botulinum,Consumer,Monaghan Mushrooms Ltd.,Ontario,Class 1
222,605,https://recalls-rappels.canada.ca/en/alert-recall/minhas-craven-brand-pina-colada-alcoholic-beverage-recalled-due-undeclared-milk,Minhas Craven brand Pina Colada alcoholic beverage recalled due to undeclared milk,"Minhas Craven brand Pina Colada alcoholic beverage recalled due to undeclared milk      
       
  
                        
             Starting date:
January 8, 2021
Type of communication:
Recall
Alert sub-type:
Updated Food…",2021-01-08,Allergen - Milk,Consumer,Minhas Sask Ventures Inc.,Saskatchewan,Class 1
223,606,https://recalls-rappels.canada.ca/en/alert-recall/various-brands-pizza-snacks-recalled-due-pieces-metal,Various brands of Pizza Snacks recalled due to pieces of metal,"Various brands of Pizza Snacks recalled due to pieces of metal      
       
  
                        
             Starting date:
January 8, 2021
Type of communication:
Recall
Alert sub-type:
Notification
Subcategory:…",2021-01-08,Extraneous Material,Retail,Naleway Foods Ltd.,Manitoba,Class 3
224,607,https://recalls-rappels.canada.ca/en/alert-recall/nw-pepperoni-recalled-due-pieces-metal,NW Pepperoni recalled due to pieces of metal,"NW Pepperoni recalled due to pieces of metal      
       
  
                        
             Starting date:
January 8, 2021
Type of communication:
Recall
Alert sub-type:
Notification
Subcategory:
Extraneous Material
Hazard…",2021-01-08,Extraneous Material,Warehouse,Piller's Fine Foods,Manitoba,Class 3
